Date,Open,High,Low,Close,Volume,Symbol,SMA_20,SMA_50,EMA_20,RSI_14,OBV,ATR_14,Daily_Return
2023-07-03,32.8700176594415,33.21302468720255,32.47800642328926,32.94841766357422,15753000,INTC,,,32.94841766357422,,15753000,,
2023-07-05,32.644612452061054,32.66421338768522,31.85079138251512,31.8605899810791,37664700,INTC,,,32.84481502714611,,-21911700,,-0.0330160827024405
2023-07-06,31.262775625678355,31.399980302407595,30.75316252753673,31.331377029418945,41693600,INTC,,,32.700678074981624,,-63605300,,-0.016610268421722196
2023-07-07,31.36077891206632,31.76258874233732,31.18437423160625,31.213775634765625,28345700,INTC,,,32.55906831877058,,-91951000,,-0.0037534703483634857
2023-07-10,31.23338025025304,32.17420470047592,31.135377430756115,32.08600234985352,36305700,INTC,,,32.514014416968955,,-55645300,,0.02794364659033488
2023-07-11,32.16439638362285,32.69361038898678,31.8507889149248,32.63480758666992,28148800,INTC,,,32.52551852836905,,-27496500,,0.017104194870786182
2023-07-12,33.017019605675934,33.39923224945889,32.39960694567266,33.30122756958008,37762200,INTC,,,32.59939557991296,,10265700,,0.02042052741203726
2023-07-13,33.46782974323811,33.61483113812526,32.948414346848494,33.19342041015625,32745800,INTC,,,32.65596937326946,,-22480100,,-0.0032373328940674684
2023-07-14,33.10522086738288,33.19342320714573,32.340803081768925,32.48780822753906,30426200,INTC,,,32.63995402605704,,-52906300,,-0.021257591832907097
2023-07-17,32.49760504848202,33.9088386690032,32.40940271354346,33.683433532714844,34111200,INTC,,,32.739333026691114,,-18795100,,0.03680227662025781
2023-07-18,33.59523025960864,34.00684239065943,33.154222335727155,33.81083679199219,29679500,INTC,,,32.841381004338835,,10884400,,0.003782371507750293
2023-07-19,33.71283408863307,34.14404339222299,33.64423269348231,33.77163314819336,26486700,INTC,,,32.929976446610695,,-15602300,,-0.0011594993652482843
2023-07-20,33.02682092821433,33.5266316955034,32.5662082931762,32.70341110229492,37878000,INTC,,,32.908398794771095,,-53480300,,-0.03163074883618955
2023-07-21,33.05621945219162,33.56583254084737,32.752410570926834,33.34042739868164,79724100,INTC,,,32.94954437609591,52.544531719301474,26243800,0.9170221768692656,0.019478588774551886
2023-07-24,33.164021822645815,33.77163583016144,32.88961622025087,32.95821762084961,25225800,INTC,,,32.950370399405784,50.060604344923405,1018000,0.9275222730119284,-0.01146385357516877
2023-07-25,33.02681581094367,33.65403069173026,32.7328093028869,33.4188232421875,31771100,INTC,,,32.994984955861185,60.4467632108948,32789100,0.9149219235679472,0.013975440863844169
2023-07-26,33.04642240194962,33.84023973578182,33.02682146625675,33.67363739013672,32643200,INTC,,,33.05961852103028,66.3028929752877,65432300,0.8939212675667118,0.007624868957909481
2023-07-27,34.12444741500018,34.33025163033883,33.4286310268574,33.859840393066406,58890800,INTC,,,33.13583012789086,68.24325106227191,124323100,0.9170217027631656,0.005529637347233107
2023-07-28,36.01589557238271,36.25110306595705,34.80066370949184,36.09429931640625,90863000,INTC,,,33.41758909822566,73.26507883438909,215186100,1.0136242315610826,0.06599141925658336
2023-07-31,36.13349867503712,36.44710618477165,34.95746864428442,35.05547332763672,55630700,INTC,33.171372985839845,,33.573578072455284,63.29389346080796,159555400,1.0598253791628862,-0.028780888074958266
2023-08-01,35.10447031949267,35.300475928267105,34.57525629735052,35.084869384765625,24702200,INTC,33.27819557189942,,33.7175105783896,60.53240130667543,184257600,1.0402249739579117,0.0008385582717473916
2023-08-02,34.44785397276639,34.47725350402442,33.59523018132506,33.703033447265625,39052000,INTC,33.37031774520874,,33.716131803996845,52.615698734912826,145205600,1.0990265748267545,-0.03938552321075517
2023-08-03,33.60503449928593,34.33025039539027,33.44823075916909,34.17344665527344,24817900,INTC,33.512421226501466,,33.75968559935652,58.86596399200322,170023500,1.101126539887067,0.013957592533736074
2023-08-04,33.91280775321122,34.975043685807705,33.91280775321122,34.56195068359375,26664300,INTC,33.67982997894287,,33.8360917978553,55.04946457231562,196687800,1.0698979668254058,0.011368593640535218
2023-08-07,34.82750622354184,34.965202626684565,34.17836335733644,34.65046691894531,22486900,INTC,33.808053207397464,,33.91365133319721,54.84762310007902,219174700,1.0651993392836812,0.0025610891052390006
2023-08-08,34.09967917404251,34.52260600489445,33.30300601746458,34.44392395019531,34753600,INTC,33.89850902557373,,33.96415348719703,53.8079065966666,184421100,1.1257457823365418,-0.005960755716023836
2023-08-09,34.4242522169312,34.52260572248699,33.66691821792523,33.716094970703125,28720200,INTC,33.91925239562988,,33.94052886657857,55.9659682110478,155700900,1.1007645430182993,-0.02113083807015137
2023-08-10,34.129187595095544,34.512771515517244,33.91280538277738,34.10951614379883,30957300,INTC,33.96505718231201,,33.9566228929805,54.66477618736476,186658200,1.0960684791798474,0.011668645892638496
2023-08-11,33.89313607745299,34.37507728487278,33.79478256668778,34.316062927246094,28752000,INTC,34.05646991729736,,33.99085527719627,58.4150963022854,215410200,1.0745167011994496,0.006055400568466096
2023-08-14,34.09967948688556,35.1225724709791,33.902972472360176,35.09306716918945,36896100,INTC,34.12695159912109,,34.09582783833847,59.98438507354985,252306300,1.095829459040561,0.02264258121890883
2023-08-15,34.82750763483381,35.04388984965245,34.17836474232362,34.198036193847656,27420300,INTC,34.146311569213864,,34.10556196743458,52.90540831863031,224886000,1.1030640417077582,-0.025504495546847084
2023-08-16,33.952147893919765,34.06033899883146,32.90958349888829,32.97843170166016,35757300,INTC,34.10665149688721,,33.99821622783702,45.61833949904161,189128700,1.130694905384754,-0.035662997877255465
2023-08-17,33.007942201118006,33.0374475030434,31.817843746867872,32.044063568115234,39906700,INTC,34.07368412017822,,33.81210645072066,26.876512262529857,149222000,1.047004982762246,-0.028332703689420535
2023-08-18,31.69981531095416,32.368629595522066,31.650638562489394,32.21126174926758,23692300,INTC,34.01722583770752,,33.65964505058228,31.96718654994889,172914300,0.9918873750869204,0.0052177583781449766
2023-08-21,32.06373444849641,32.62435775236178,31.49327729366244,32.594852447509766,43718200,INTC,33.999057579040525,,33.55823623124204,34.89141841880257,216632500,1.02087743421426,0.011908589648802259
2023-08-22,32.67353419723266,33.243991281080426,32.289950274103944,32.348960876464844,23434200,INTC,33.9455644607544,,33.44306714983469,40.47026619530153,193198300,0.9826204201811112,-0.007543877409505129
2023-08-23,32.3391283425487,33.58823741993685,32.26044253360494,33.4210319519043,32324300,INTC,33.93293418884277,,33.44096855955561,45.11807012776018,225522600,1.0144615094747351,0.03314081956244319
2023-08-24,33.165310519428246,33.52922300529971,31.95554434860212,32.053897857666016,37931000,INTC,33.842637062072754,,33.30886658794707,35.5605921845866,187591600,1.050993132624814,-0.04090639978459387
2023-08-25,31.99488006649483,32.85057126166723,31.81784076762781,32.70303726196289,27324800,INTC,33.67307395935059,,33.251168556900964,39.468084711334576,214916400,1.0685567915313343,0.020251496625444787
2023-08-28,32.94892679582099,33.22431961020821,32.66369637980811,33.066951751708984,22341800,INTC,33.5736478805542,,33.23362409926363,42.67781747781732,237258200,1.012354100739861,0.011127849894522424
2023-08-29,32.9390909589082,33.91280335214455,32.919419508789375,33.745601654052734,29943600,INTC,33.50668449401856,,33.2823838663864,50.15772960720332,267201800,1.0221895535108192,0.020523509618895375
2023-08-30,33.499716745329984,34.089845286735404,33.22432017432113,33.96198272705078,26279200,INTC,33.519631958007814,,33.34710756740205,49.19613680078452,293481000,1.0271073083394018,0.006412126688873476
2023-08-31,33.75543988378352,34.975043685807705,33.73576843111181,34.56195068359375,48157600,INTC,33.53905715942383,,33.46280691180126,51.28468723292984,341638600,1.0741773466616087,0.01766586955081073
2023-09-01,35.20125973908189,36.14546695499011,35.14224538110789,36.00777053833008,43782600,INTC,33.611348152160645,,33.7051844000421,54.466865124458366,385421200,1.100171366145711,0.04183270406154027
2023-09-05,35.978262259449934,36.79460684153192,35.86023355326444,36.10612106323242,43379400,INTC,33.684130859375,,33.93384503463165,60.104153830925775,428800600,1.101576427674401,0.0027313694636452723
2023-09-06,35.95858821268886,36.43069174751434,35.43730417786343,36.37167739868164,39643400,INTC,33.78051853179932,,34.166019545493555,69.98840944196783,468444000,1.0805003472952248,0.007354884092482639
2023-09-07,36.22414986154304,37.70930877467065,36.145464057219264,37.55194091796875,67659700,INTC,33.972310829162595,,34.48848824763405,81.53149946255743,536103700,1.1050889873863576,0.0324500711460145
2023-09-08,37.4929262113746,38.19124958635702,37.08967084787984,37.38473510742188,44255200,INTC,34.13607177734375,,34.764321281899555,79.61707742441858,491848500,1.1324881092038226,-0.0044526542825609194
2023-09-11,37.61095536569803,38.10273038812013,37.217533846982086,37.955196380615234,36349300,INTC,34.31802845001221,,35.06821414844391,80.0440532025165,528197800,1.1149249722351584,0.015259203296591028
2023-09-12,38.01421570947519,39.410855155018375,38.01421570947519,38.22076034545898,55326600,INTC,34.474413108825686,33.93536308288574,35.36845664339772,82.83828129366776,583524400,1.150754812765634,0.00699677488638617
2023-09-13,38.161742772262606,38.50598755520661,37.62079097271727,38.07322311401367,35407800,INTC,34.668172454833986,34.03785919189453,35.62605345012305,79.0183559761143,548116600,1.1191406482054498,-0.003860133344072425
2023-09-14,38.17157848394199,38.26009813780729,37.66996586139009,38.033878326416016,30616500,INTC,34.92094478607178,34.161324958801266,35.8553701050081,94.70574814916232,517500100,1.048887335328279,-0.001033397868098418
2023-09-15,37.78798821922227,37.88634546783916,37.00114899001414,37.256874084472656,68868800,INTC,35.18158531188965,34.27983489990234,35.98884667448091,83.40539037004591,448631300,1.0488872526398834,-0.02042926664682787
2023-09-18,37.00115032324325,37.75848428112735,36.89295922183901,37.36506652832031,29322200,INTC,35.43927555084228,34.40286071777344,36.119915231989424,82.75852845454247,477953500,1.0706659547033293,0.0029039592425910143
2023-09-19,37.41424629005267,37.473256894153685,35.42747465982539,35.742210388183594,53288100,INTC,35.59664344787598,34.47598487854004,36.083943342103154,63.30273410594736,424665400,1.145837268344266,-0.043432443480508676
2023-09-20,35.62418458541059,35.6536898867632,34.06033983064438,34.11935043334961,57660800,INTC,35.68516292572021,34.50567573547363,35.89683925555519,50.88299847471769,367004600,1.2041476572817618,-0.045404577310934946
2023-09-21,34.00132365845407,34.67013796763067,33.893132556683504,34.08000946044922,45215900,INTC,35.71811180114746,34.521251373291015,35.72380784649748,47.11424781041171,321788700,1.171128382728281,-0.0011530399143219183
2023-09-22,34.237378206180104,34.316060258283514,33.578397729078986,33.61774063110352,29232700,INTC,35.79630393981934,34.52973777770996,35.52323001645996,33.77838443550104,292556000,1.1107102582860071,-0.013564222447830399
2023-09-25,33.440698869430115,33.804611306582146,33.21448282731153,33.725929260253906,21729400,INTC,35.84744853973389,34.55450019836426,35.352058515868904,33.86670307274535,314285400,1.0861213433576598,0.003218200483416478
2023-09-26,33.57840048571023,34.20787196199683,33.08662542586809,33.27350234985352,34198300,INTC,35.85777606964111,34.54630157470703,35.1541007857722,29.518946099569703,280087100,1.0952541266775049,-0.013414809326946275
2023-09-27,33.36202027735607,34.25705454229174,33.32268112166737,34.040672302246094,44369100,INTC,35.87252960205078,34.55089828491211,35.04805997781733,25.44712020656816,324456200,1.0538046606051357,0.023056483333980804
2023-09-28,34.080011321617654,35.073395238410804,33.8144523532997,34.60129165649414,32265300,INTC,35.904495048522946,34.56749145507813,35.00551061388179,31.55153468573299,356721500,1.065044956793273,0.016469103467473323
2023-09-29,35.06355958434724,35.31928093774724,34.58161842547019,34.96520233154297,28758500,INTC,35.92465763092041,34.61272727966308,35.00167172984952,29.624653937637163,385480000,1.0545068118746304,0.010517256946982467
2023-10-02,35.024216283042065,35.38812873439596,34.40457872926451,34.87668228149414,26086200,INTC,35.868103218078616,34.643452377319335,34.98976797286329,26.64828285777297,359393800,1.020784756926653,-0.0025316613131385335
2023-10-03,34.68980845092264,35.93891738317694,34.68980845092264,35.10289764404297,45292600,INTC,35.81794204711914,34.686345977783205,35.00054222726136,29.483637298769597,404686400,1.046778496195579,0.006486149133194896
2023-10-04,35.91924574959853,35.91924574959853,34.748822623128994,35.338951110839844,39842200,INTC,35.76630573272705,34.72474853515625,35.03277164474502,31.878278580241627,444528600,1.0882278426278889,0.006724614850618593
2023-10-05,35.37829211843291,35.5061509077,35.014375943593656,35.29960632324219,25771200,INTC,35.653689002990724,34.75726791381836,35.05818447126856,35.38909189489648,418757400,1.049588244606779,-0.0011133547080741657
2023-10-06,35.27994123779504,35.860235950184574,34.601293015622566,35.59467697143555,33252300,INTC,35.564186096191406,34.79196464538574,35.10927899509399,37.14285239367223,452009700,1.0776895214120406,0.008359035097767586
2023-10-09,35.112741108837454,35.575007128059525,34.91603032842892,35.466819763183594,19376100,INTC,35.43976726531982,34.77941505432129,35.14333049681681,47.4452833714106,432633600,0.9800369791747788,-0.0035920317061609586
2023-10-10,35.54549622447423,36.13562847273258,35.220926677085785,35.83072662353516,24044100,INTC,35.32026557922363,34.794920120239254,35.20879679459951,70.71435761190686,456677700,0.9252392104681776,0.01026048748609032
2023-10-11,36.017601759836104,36.42085713002743,35.781551849060826,36.2733268737793,19262600,INTC,35.23027076721191,34.81868927001953,35.31018061166425,74.18662780865924,475940300,0.9154034868981372,0.012352533480396
2023-10-12,36.1946391857841,36.60773213606729,35.79138383657303,36.23398208618164,23639200,INTC,35.140275955200195,34.86930824279785,35.39816170447543,81.81824086462902,452301100,0.9210238990616892,-0.0010846754623463628
2023-10-13,36.13562987431227,36.184806625588166,35.27010479446316,35.3782958984375,28390100,INTC,35.04634704589844,34.893405227661134,35.396269722948006,67.00411247356104,423911000,0.9477202428079652,-0.023615571308417405
2023-10-16,35.54549471505078,36.33233392737034,35.48648411909264,35.958587646484375,29555800,INTC,34.97602310180664,34.92133796691895,35.44982381090385,76.92305338489369,453466800,0.9357767780082584,0.01640247878848533
2023-10-17,35.32911959053538,35.752046455232595,34.4931034637317,35.466819763183594,24993600,INTC,34.96225357055664,34.93766502380371,35.45144247302573,65.13574788868107,428473200,0.9702004916021484,-0.013675951017193544
2023-10-18,34.935701230683776,35.42747629797615,34.86685302141852,35.05372619628906,22086000,INTC,35.008972358703616,34.94986106872559,35.41356473238414,54.95692267312638,406387200,0.923130767077432,-0.011647324729220365
2023-10-19,35.36845948464315,35.76188101195215,34.93569880615984,35.083229064941406,29201800,INTC,35.05913333892822,34.97720375061035,35.38210419262769,51.39536058390474,435589000,0.9294536023285218,0.0008416471472145748
2023-10-20,35.06355673654869,35.68319049513508,34.29638523476586,34.34556198120117,32291800,INTC,35.09552440643311,34.9819246673584,35.283385886777545,44.55641188448317,403297200,0.9582575491312194,-0.021026202644424896
2023-10-23,34.03082963896319,34.611124308475915,32.84073499957213,33.29316711425781,53924700,INTC,35.0738862991333,34.961466751098634,35.093841241775664,34.137922272107815,349372500,0.9954918617490398,-0.030641364014348693
2023-10-24,33.08662651363912,34.13902487614475,33.08662651363912,34.020999908447266,52673900,INTC,35.111261177062985,34.94002540588379,34.99166587669677,39.36512021197545,402046400,0.987061521465904,0.02186132643048433
2023-10-25,33.61774244801486,33.88330142311442,32.01455474735268,32.28995132446289,44658500,INTC,35.02372512817383,34.901863708496094,34.73435972886497,30.92273029085375,357387900,1.095252249822207,-0.05088176680999201
2023-10-26,32.34895883545136,32.67353213574068,31.62113393798613,31.98504638671875,59142500,INTC,34.89291286468506,34.88199600219727,34.472520362946284,27.1481611891883,298245400,1.0804990543359598,-0.009442719026743873
2023-10-27,34.089846708185235,35.78155410027395,34.03083235080565,34.95537185668945,84128200,INTC,34.892421340942384,34.94022216796875,34.518506219493254,47.619039162528594,382373600,1.3032034165180006,0.09286606728837143
2023-10-30,34.886519198480364,35.36845659045408,34.34556370471026,35.10289764404297,36656300,INTC,34.90373210906982,34.998054885864256,34.574162545640846,46.54204726692761,419029900,1.3109313515249317,0.0042204038898039364
2023-10-31,35.073392146282146,35.968422478248286,35.034049246604525,35.89957427978516,41185200,INTC,34.943565940856935,35.06414932250976,34.70039223460697,48.282081161613846,460215100,1.332007633716157,0.022695466448975354
2023-11-01,35.899576894944936,36.706087637360646,35.68319468290073,36.67658233642578,41710700,INTC,35.01044750213623,35.150701751708986,34.88860081573257,51.905176793509874,501925800,1.346760823356561,0.021643935122599656
2023-11-02,36.961812843096055,37.19786275504848,36.302832355675335,37.079837799072266,35440000,INTC,35.09945907592773,35.223877868652345,35.097290052241114,57.62114495294716,537365800,1.3418431881890374,0.010994902931453998
2023-11-03,37.37489973167095,37.689635429255695,37.05032643306735,37.51259613037109,30493400,INTC,35.19535503387451,35.33305183410644,35.32731920253921,57.05356759459723,567859200,1.319362542993002,0.011670987711538627
2023-11-06,37.51753039356866,37.69515182541967,37.349775146028286,37.44845581054688,23877200,INTC,35.294436836242674,35.42796020507812,35.52933221282565,59.35781462565432,543982000,1.239354864181481,-0.0017098342007919598
2023-11-07,37.73462361014718,38.38590093053691,37.47805764995227,38.25761795043945,32052000,INTC,35.41578140258789,35.531773529052735,35.78916894974125,64.58408796423478,576034000,1.2634604626261212,0.02160735662869917
2023-11-08,38.33656333508964,38.37603560514898,37.251102258437705,37.418853759765625,33483400,INTC,35.47305774688721,35.60523857116699,35.94437702688643,59.90219906546351,542550600,1.2847998298346188,-0.02192410912149312
2023-11-09,37.54713779018939,38.01092756546248,37.27083942072439,37.30044174194336,48955800,INTC,35.526380729675296,35.67200775146485,36.07352604736804,63.22187370700783,493594800,1.2386057501466807,-0.0031645014725060205
2023-11-10,37.73463038199507,38.474718549994094,37.73463038199507,38.346435546875,38862500,INTC,35.67478771209717,35.74769744873047,36.289993618749655,72.62426158997182,532457300,1.196026285800034,0.02804239725009605
2023-11-13,37.84317119390614,38.06026491461528,37.63594742283806,37.72475814819336,24558300,INTC,35.763096237182616,35.78203720092773,36.426637859649055,66.74143183575393,507899000,1.1716041259094132,-0.016212130014579773
2023-11-14,38.28722502524342,38.96810851136614,37.56687303319415,38.88916397094727,45457400,INTC,35.9342134475708,35.83769805908203,36.66116415596317,81.43976237312837,553356400,1.1283748628435135,0.03086582604929644
2023-11-15,39.0667829809207,40.300263115751136,39.05691679612642,40.07330322265625,47392100,INTC,36.18519229888916,35.91173057556152,36.986129781362514,85.55513819344073,600748500,1.153996359061322,0.03044907966120336
2023-11-16,40.45815070157873,42.82643419957941,40.280529251014535,42.77709197998047,86405700,INTC,36.56988544464112,36.016233596801754,37.5376499907547,85.2085242935774,687154200,1.0794694493018906,0.06747107275637765
2023-11-17,42.34290702568293,43.23101425170898,41.99753408460766,43.23101425170898,49735000,INTC,37.0141580581665,36.1331591796875,38.07987515846464,85.60558182624546,736889200,1.0945113979702832,0.01061134010560938
2023-11-20,43.20140797728784,44.33621123172494,43.20140797728784,44.14872360229492,44564900,INTC,37.55693588256836,36.2570297241211,38.65786072454372,85.75661561834573,781454100,1.108827828169807,0.021228031922699175
2023-11-21,43.911897974504114,44.06978329979618,42.72775615267211,43.063262939453125,37252100,INTC,38.009049034118654,36.35387977600098,39.077422840249376,76.96260475159488,744202000,1.1372617206814424,-0.024586456283990366
2023-11-22,43.44810406483085,44.04017680174799,42.96458194884538,43.09286117553711,31481200,INTC,38.549194526672366,36.45427253723145,39.45984553884821,76.21211304873601,775683200,1.1501591816478327,0.0006873198653245538
2023-11-24,43.10272997568714,43.41850058791116,43.0336553895308,43.3790283203125,13037100,INTC,39.11889362335205,36.56117553710938,39.83310104184481,75.90415672566482,788720300,1.1319831960901194,0.006640708854529276
2023-11-27,43.07313047380296,43.96123396715262,43.07313047380296,43.4974479675293,33339900,INTC,39.54599742889404,36.68598701477051,40.18208646333858,76.58285206574854,822060200,1.170749397087139,0.0027298824294168522
2023-11-28,43.11259769740228,43.79348116276332,43.08299537778928,43.64546203613281,24548900,INTC,39.97312564849854,36.81159492492676,40.51193175598564,75.13814141024378,846609100,1.1545380160145682,0.0034028219015056482
2023-11-29,44.01057400004191,44.74079596740847,44.01057400004191,44.3460807800293,38982000,INTC,40.39545097351074,36.98367233276368,40.87708880589456,82.7425447477412,885591100,1.1524237720548811,0.016052499188036196
2023-11-30,44.05991447429258,44.49409815176386,43.82308461840098,44.1092529296875,46263000,INTC,40.76708450317383,37.18347038269043,41.18491396054151,81.82656244260609,839328100,1.1474898712423658,-0.005340446014080458
2023-12-01,43.77374666363665,43.77374666363665,42.29357039916354,43.16194152832031,43922500,INTC,41.07118968963623,37.365109024047854,41.373202300329964,72.7188075233837,795405600,1.193304565704739,-0.021476478027801837
2023-12-04,42.72775566101437,42.73762561114079,41.13903247613481,41.79030990600586,50417600,INTC,41.28507537841797,37.5285604095459,41.41292683420386,67.91305271522859,744988000,1.2870489177153506,-0.031778728522081634
2023-12-05,41.35612349986118,41.731102530170645,41.06008900826224,41.365989685058594,31859300,INTC,41.48095207214355,37.68136161804199,41.40845662952336,61.674407230999634,713128700,1.2391193048276097,-0.010153555259619806
2023-12-06,41.91859060045017,42.027137460168056,40.6259019977016,40.72458267211914,31992300,INTC,41.604300308227536,37.830383224487306,41.34332577643724,53.235304038497176,681136400,1.2384147560892238,-0.015505660998874404
2023-12-07,41.19824134769675,41.87912110704372,40.63577464121815,41.59295654296875,29118700,INTC,41.813005447387695,37.98142890930176,41.36710013515453,42.805791076987546,710255100,1.130573005296539,0.021323088264428414
2023-12-08,41.28704997543026,42.39224719590146,41.25744765479176,42.135684967041016,42805900,INTC,42.05476760864258,38.13211677551269,41.44029869057229,43.416375165774944,753061000,1.1235243891542803,0.013048565651051725
2023-12-11,42.58960325966863,44.138854055701096,42.51066248602941,43.95136642456055,48288200,INTC,42.33501415252685,38.31184005737305,41.67944799857117,48.92933388409092,801349200,1.185550520170208,0.04309130037733522
2023-12-12,43.77374409698788,43.85268486903736,43.05339214222901,43.45797348022461,31452200,INTC,42.62167491912842,38.483465881347655,41.84883137777626,52.28831165499484,769897000,1.1481938653636885,-0.011225884073088221
2023-12-13,43.4974501312734,44.12899142843519,42.75736196785886,43.98097229003906,35216100,INTC,42.876265335083005,38.661027374267576,42.05189241703938,54.87015527146044,805113100,1.1693391944832396,0.012034588084334885
2023-12-14,44.41515336581766,46.44793008966711,44.05991423037119,44.58290863037109,70620800,INTC,43.10174560546875,38.84590652465821,42.29294158021384,56.38076845002258,875733900,1.3180615231437889,0.013686289979277122
2023-12-15,45.33286355275876,46.64528830971267,45.06643137433316,45.54995727539063,84553800,INTC,43.24038887023926,39.05091354370117,42.60313355118305,59.980797205355294,960287700,1.401938393571783,0.021691017359077414
2023-12-18,45.54008609781714,45.619026865577,44.7999980491914,45.08616256713867,27895700,INTC,43.333146286010745,39.24074325561524,42.83961250508359,56.79699347172164,932392000,1.4096914672440373,-0.010182110719619386
2023-12-19,44.99735762171038,46.06308635526833,44.908546893913886,46.04335021972656,35358800,INTC,43.42787761688233,39.4522738647461,43.14473038266863,57.81817402272165,967750800,1.4139204336782367,0.02123018678208699
2023-12-20,46.023614061925066,46.32951851625015,45.09603827760815,45.15524291992188,38159100,INTC,43.532476615905765,39.63876419067383,43.336207767168936,54.545442489377415,929591700,1.4540966269124596,-0.01928850302088103
2023-12-21,45.865729041858266,46.49727032588724,45.411809214497815,46.457801818847656,28320500,INTC,43.70072364807129,39.8424536895752,43.63350243875739,63.89348973124148,957912200,1.420264118015417,0.028846238325762608
2023-12-22,46.62555062770844,47.52352404478188,46.57621217355154,47.36563873291016,30053700,INTC,43.900054168701175,40.06508682250976,43.98894399058147,74.45883244029879,987965900,1.3518936304260396,0.019541107812255598
2023-12-26,48.27347887400653,49.852335774632216,48.06625510566455,49.83259963989258,60287400,INTC,44.21681175231934,40.35417289733887,44.5454826238492,81.49777234966092,1048253300,1.4773562121387849,0.052083345078345555
2023-12-27,49.96088169222299,50.60228911990351,49.52669426469732,50.08916091918945,52148000,INTC,44.53899669647217,40.636784362792966,45.07345198531017,85.86540647406127,1100401300,1.4540961687630514,0.005148462676056953
2023-12-28,50.13850757372686,50.19771221778616,49.49709632500871,49.72405624389648,27705200,INTC,44.807895469665525,40.921929092407225,45.51636667660411,82.38991856625547,1072696100,1.4153296992596138,-0.007289095456839645
2023-12-29,49.63524162200012,49.9016737922272,49.11224723097072,49.58590316772461,29266500,INTC,45.08172798156738,41.21257263183594,45.903941580520346,80.66608925908852,1043429600,1.3906602006986692,-0.0027783951392506
2024-01-02,48.54978479549887,48.72740625777313,46.82291239560814,47.16828536987305,45905700,INTC,45.28204517364502,41.45427375793457,46.024355274744416,62.6161006923105,997523900,1.4449331780884112,-0.0487561513132867
2024-01-03,46.47753059186372,47.178150178605605,46.18149610842996,46.42819213867188,35858400,INTC,45.51393928527832,41.695926361083984,46.06281592845179,61.42746901576345,961665500,1.4519817343629902,-0.015690484091114953
2024-01-04,45.11577640812625,46.53674435073411,44.64212042725696,46.25057601928711,47797800,INTC,45.75816860198975,41.95507453918457,46.08069784186468,58.97035617996468,913867700,1.4893384817130486,-0.003825609208609082
2024-01-05,46.40845863071005,47.19788898358277,46.02361340404019,46.27030944824219,34332100,INTC,46.0354549407959,42.20006072998047,46.0987560900911,56.991002803089614,948199800,1.3970040374212296,0.00042666342029673565
2024-01-08,46.44793292031915,48.11559689647681,46.34925600406199,47.809696197509766,42135100,INTC,46.34629192352295,42.51045562744141,46.26170276698812,58.93833666245482,990334900,1.381497449485018,0.03326942844394698
2024-01-09,47.37550575760561,47.91824005579795,47.16828198790462,47.41497802734375,30097000,INTC,46.610256576538085,42.81905426025391,46.371538506069605,59.26218124341733,960237900,1.3765638245927134,-0.00825602757514643
2024-01-10,47.602471844269466,47.66167648760095,46.31964936260299,46.84264755249024,31480200,INTC,46.754820632934575,43.05679977416992,46.41640603430014,53.27936254241807,928757700,1.3899558005672503,-0.012070668355544711
2024-01-11,46.81303747245537,47.207752627642286,46.11242164806716,47.01039505004883,31707900,INTC,46.93244171142579,43.29494972229004,46.4729764167524,58.08950071743361,960465600,1.380087996348188,0.0035810848942861018
2024-01-12,46.97092076942365,47.039995353979776,45.994006636825546,46.49726486206055,27448800,INTC,47.05825634002686,43.50690353393555,46.47528960201984,50.18480415047435,933016800,1.3589423757188217,-0.010915249434555574
2024-01-16,46.35912384264608,46.59595372010239,45.767054795430106,46.43806838989258,43720700,INTC,47.15101432800294,43.70213325500488,46.4717447246744,45.281149243356005,889296100,1.3420264256286834,-0.0012731172971911509
2024-01-17,45.80651781369869,45.80651781369869,45.04669734109243,45.45127868652344,33488000,INTC,47.146080398559576,43.86956207275391,46.37455748294573,23.758821983846783,855808100,1.26378885470569,-0.021249585471214805
2024-01-18,46.408456099754304,46.94132042959796,45.55982115169575,46.122291564941406,46681300,INTC,47.19788684844971,44.04175598144531,46.35053215742151,27.36484853972729,902489400,1.293392203839142,0.014763344350462226
2024-01-19,46.37885337888682,48.115591764024586,45.82625291965619,47.51365661621094,55912900,INTC,47.27140216827393,44.2430599975586,46.461305915401454,38.70965227764012,958402300,1.4068724146670668,0.03016686734462115
2024-01-22,48.2044044616061,48.520175090034456,47.01039653759373,47.58273315429688,45639500,INTC,47.39277667999268,44.42956230163574,46.568108509581975,39.69543063535156,1004041800,1.4583261283230848,0.001453824921199054
2024-01-23,47.48405314919019,48.29321586647265,46.6946265669979,48.24387741088867,37224100,INTC,47.482080459594734,44.646062774658205,46.72770554780166,56.75339705740053,1041265900,1.3751545945629624,0.013894625482060663
2024-01-24,48.52017536403452,49.1122481188933,47.6320718781706,48.44123458862305,49375800,INTC,47.53586025238037,44.8688786315918,46.89089878978465,63.5638706665974,1090641700,1.4096918924591806,0.004090823298747326
2024-01-25,49.33921050777817,49.63524501796823,48.32282397588851,48.89515686035156,84845100,INTC,47.48898811340332,45.07985305786133,47.08178051079102,67.17949505848001,1175486800,1.3681059723593645,0.009370576030593769
2024-01-26,43.5961221183612,44.80986611742092,42.77708950325992,43.07312774658203,127665300,INTC,47.13818645477295,45.1868204498291,46.70000405705683,38.157890274945615,1047821500,1.7212339564700112,-0.11907169314125954
2024-01-29,43.1323333119092,43.40863542733626,42.24422985568122,43.26061630249024,51790900,INTC,46.815014457702645,45.27424949645996,46.37244331852668,31.27535844117345,1099612400,1.6725995367143267,0.004352796411983162
2024-01-30,43.09286371528312,43.24088284930683,42.32317325263891,42.35277557373047,47958800,INTC,46.453358078002935,45.31983894348144,45.98961781902228,30.00777978918036,1051653600,1.6859913211398982,-0.02098538593190391
2024-01-31,42.00740006513206,43.21127790693192,41.80017630149584,42.51066207885742,51584200,INTC,46.22047691345215,45.31451034545898,45.65828870091134,32.312632312133886,1103237800,1.6909252125997638,0.003727890391790112
2024-02-01,42.57974063356224,42.99418819944557,41.92846319840053,42.78696441650391,38819900,INTC,46.03841552734375,45.30562934875488,45.38482924525349,32.90737645619241,1142057700,1.6888104998476148,0.006499600903273395
2024-02-02,42.43171387190532,42.56986303571472,41.05021470524662,42.0369987487793,53669900,INTC,45.82773666381836,45.26339485168457,45.06598824558928,32.28841046621473,1088387800,1.7381505708549767,-0.01752790079763966
2024-02-05,42.05673856522146,42.57973671381655,41.869250935669385,42.20475769042969,28890300,INTC,45.62445907592773,45.2462247467041,44.793490097478845,33.333343345709665,1117278100,1.7296924889603251,0.003990744978083383
2024-02-06,42.25919056480596,42.3383627277486,41.70497032294128,42.29877853393555,34068200,INTC,45.34891319274902,45.23034309387207,44.555898519998536,36.650061272708335,1151346300,1.6755511572465522,0.0022277309159195458
2024-02-07,42.44722867727391,42.65505985674417,42.11073848299591,42.33836364746094,34269200,INTC,45.095082473754886,45.20952980041504,44.344704722614,33.07079948690192,1185615500,1.607999702294676,0.0009358453103707198
2024-02-08,42.278986473496566,42.52640562884181,41.89301319520865,42.061256408691406,33206500,INTC,44.85601291656494,45.18080596923828,44.127233454621376,22.904595842063078,1152409000,1.4897178158135875,-0.00654506256020948
2024-02-09,42.1107358690328,43.07072331744834,41.96228665376166,42.862892150878906,51193000,INTC,44.648637771606445,45.1651545715332,44.00681999712209,28.136828110322558,1203602000,1.4610505380454413,0.019058768344871746
2024-02-12,42.94206612066388,44.57503398469183,42.87278906222066,43.57545852661133,51107300,INTC,44.50254745483399,45.14974212646485,43.96573795231154,28.47755633514997,1254709300,1.4691614333553105,0.01662431861163638
2024-02-13,42.55609129641815,43.17958857482636,42.31856726525242,42.71443939208984,36622200,INTC,44.316366004943845,45.12184585571289,43.84656666086185,25.1206394062543,1218087100,1.4532125062578969,-0.01975926734071365
2024-02-14,43.36762733344154,43.83277653306883,42.94206610299881,43.73380661010742,36186200,INTC,44.23049240112304,45.13328315734864,43.83582760840905,28.62719439720449,1254273300,1.439349370464988,0.023864698507698456
2024-02-15,44.29792246284209,44.802659637413264,43.56556390115373,43.595252990722656,44024500,INTC,44.10414047241211,45.16938201904297,43.81291574005797,54.08478513633854,1210248800,1.090708540405552,-0.0031681124997874344
2024-02-16,43.57546147103312,43.76350244978494,42.67485587510025,43.060829162597656,29858600,INTC,43.88149909973144,45.20327880859375,43.74128844696651,48.517466958419504,1180390200,1.085297183479098,-0.012258761939946239
2024-02-20,43.80308389081493,44.70368943009324,42.97175541030291,44.06040191650391,61514100,INTC,43.7053825378418,45.26999519348144,43.77168020597007,62.501354459551074,1241904300,1.142046538474741,0.02321304009571845
2024-02-21,44.0208157780728,44.22864696301597,42.6352707698016,43.021244049072266,57715000,INTC,43.444250869750974,45.29856094360352,43.70021009578932,53.31072196426044,1184189300,1.155066151887476,-0.023584847668908893
2024-02-22,44.218751667634606,44.218751667634606,42.09094542527741,42.53630065917969,62809300,INTC,43.14900417327881,45.30657325744629,43.58936157801698,48.417462390949126,1121380000,1.230929097695487,-0.01127218425714116
2024-02-23,42.68475009500671,43.06082446081344,42.21960091454698,42.54619598388672,33810700,INTC,42.83155612945557,45.27846984863281,43.4900124738141,53.54613565443965,1155190700,1.1669629430532846,0.00023263247047067281
2024-02-26,43.05092935658332,43.22907143525656,42.3779490094436,42.54619598388672,27035400,INTC,42.8052095413208,45.26023429870605,43.40012518905911,52.4347238528187,1155190700,1.1770084178865556,0.0
2024-02-27,42.8035116641088,42.82330564855216,42.07114934097092,42.28887939453125,25126400,INTC,42.75662269592285,45.2263924407959,43.29429225624693,49.93101783647479,1130064300,1.185491553798978,-0.006047934096221508
2024-02-28,42.001869966492016,42.011768845825976,41.47734262128101,41.5565185546875,26928500,INTC,42.71680984497071,45.16586463928223,43.12878999895556,45.03143714897448,1103135800,1.2045783680491198,-0.017318047920145574
2024-02-29,41.93259519224425,42.70454548366244,41.92270008768861,42.60557556152344,48875100,INTC,42.721555519104,45.106977005004886,43.07896005253345,53.15004260692571,1152010900,1.2413379748592477,0.025244102329106344
2024-03-01,42.96186273403715,43.812985247351655,42.68475448330842,43.36763000488281,41396900,INTC,42.75058879852295,45.07260635375977,43.10645242894768,52.93442400446393,1193407800,1.2484074764407858,0.017886260972086898
2024-03-04,43.81298566730173,46.12882917502045,43.39731951190769,45.13915252685547,59990800,INTC,42.90569648742676,45.054522399902346,43.3000429144627,58.09428726127149,1253398600,1.3233401433211225,0.04084895858439119
2024-03-05,44.09998806070443,44.40678537245287,42.249290209353326,42.71443939208984,56655100,INTC,42.93118057250977,45.005706329345706,43.24427115042719,50.0,1196743500,1.4399809330456392,-0.05371640801902633
2024-03-06,43.476492325656736,45.04017935400904,43.11031304928887,44.05050277709961,52652000,INTC,43.01876678466797,44.95756034851074,43.32105511487218,51.37221053828603,1249395500,1.5262239916842255,0.03127896336753033
2024-03-07,45.07976813297767,45.94078571326764,44.71358885003174,45.67357635498047,50378200,INTC,43.18552742004395,44.92371910095215,43.54510475678725,57.97872652014934,1299773700,1.572880220249118,0.03684574466933532
2024-03-08,45.960578190502105,46.14861915352694,43.54576873779297,43.54576873779297,54793800,INTC,43.25975303649902,44.79798248291016,43.54516799307351,51.65875936219629,1244979900,1.6810376374669238,-0.046587278400314625
2024-03-11,43.4171110598047,44.46616960706335,43.20927988143693,44.39689254760742,35051000,INTC,43.33645305633545,44.684137115478514,43.62628461731484,51.16279131080136,1280030900,1.6471059021695018,0.019545499700313496
2024-03-12,44.59483001268361,44.80266119753635,44.00102177341143,44.7729721069336,31795800,INTC,43.39632873535156,44.58511543273926,43.73549294965948,56.344077346060416,1311826700,1.59055327580597,0.008470853200432948
2024-03-13,44.0505029236892,44.51565212448583,42.75402901982607,42.78371810913086,53195900,INTC,43.39979267120361,44.449071731567386,43.64484772675199,50.80800865277741,1258630800,1.5827773361452795,-0.04442979557067828
2024-03-14,42.783718164719176,42.90247829740919,42.07114981794601,42.30867385864258,38100000,INTC,43.32853603363037,44.35187950134277,43.51759307264633,49.24717896139352,1220530800,1.582070545659331,-0.011103388660063551
2024-03-15,42.01176903367215,42.70454335281141,41.912799116471504,42.199806213378906,66930200,INTC,43.25876369476318,44.26731178283691,43.3920895622399,48.90964998904895,1153600600,1.5778292464112558,-0.0025731755532544254
2024-03-18,42.64516692858036,42.93217406267901,42.16022370974758,42.26908874511719,27668300,INTC,43.21917667388916,44.18768203735352,43.28513710346631,49.93695761432447,1181268900,1.5792431067934127,0.0016417736941245487
2024-03-19,41.81383419719672,41.853422165234505,41.01219483335548,41.61589813232422,34673000,INTC,43.096951484680176,44.09459381103515,43.12616196335754,50.19011035340544,1146595900,1.6110543309728034,-0.015453151042164937
2024-03-20,42.54619626656077,42.5659864751525,40.98250551566579,41.76435089111328,74865000,INTC,43.03410682678223,43.973686904907225,42.996465670762845,47.14190546547948,1221460900,1.6421581902950722,0.003567212662743291
2024-03-21,42.546197673998094,43.14989721424288,41.883112404748005,41.982078552246094,50807600,INTC,43.006395721435545,43.86502891540528,42.89985737376125,45.11172876093024,1272268500,1.654882235816599,0.005213241831543591
2024-03-22,41.81383511044879,42.35815646924932,41.65548701015561,42.13053131103516,28435300,INTC,42.98561248779297,43.77078659057617,42.82658822493019,38.01263344763023,1300703800,1.5078443993134616,0.0035360983521652845
2024-03-25,40.46787585904025,41.78414755859529,40.15117964680319,41.39817428588867,47276500,INTC,42.92821140289307,43.65854217529297,42.69054880216433,43.93804863531391,1253427300,1.442807924079878,-0.017383047456481227
2024-03-26,41.51693058798425,41.83362677097765,41.229923492360136,41.5565185546875,39109700,INTC,42.89159336090088,43.55972724914551,42.58254592145225,37.11659645442988,1292537000,1.3198053038440432,0.0038249094683580065
2024-03-27,42.10084397246506,43.37752770777571,42.06125600191668,43.318145751953125,51017800,INTC,42.97967472076416,43.49732879638672,42.65260304816663,38.00405497608827,1343554800,1.3148571764811992,0.04239111596769973
2024-03-28,43.30824490459669,44.139573371770645,43.25876183131705,43.714012145996094,54204200,INTC,43.03509654998779,43.462583465576174,42.75368962891229,51.04038006991852,1397759000,1.191854399675458,0.009138581238212762
2024-04-01,43.83277675551231,44.94121347108948,43.72391172736055,44.06040191650391,31712600,INTC,43.06973514556885,43.42134567260742,42.87813841820673,47.78067898255777,1429471600,1.1897337996373842,0.007923998587705539
2024-04-02,43.47649024130356,43.62494323084944,43.05092903160946,43.48638534545898,32748400,INTC,42.98709678649902,43.340800247192384,42.936066696992654,41.73025007539772,1396723200,1.2045790468352078,-0.013027946774809673
2024-04-03,40.97261569281679,41.22003486058666,39.80479691891767,39.91366195678711,83718000,INTC,42.84705791473389,43.18741882324219,42.648218626496885,34.67234001634698,1313005200,1.3233394282233348,-0.08215728578703185
2024-04-04,40.170973402908174,40.3590105980652,39.29016183168939,39.31985092163086,57307200,INTC,42.61052532196045,43.00893829345703,42.33123122603346,34.23801086015385,1255698000,1.3403051630028082,-0.01487738799309235
2024-04-05,38.943775305343,39.0526403426771,38.11244675471166,38.31038284301758,67189100,INTC,42.2423656463623,42.80632125854492,41.94829328479385,31.267906006350216,1188508900,1.3699951580441858,-0.025673242775647087
2024-04-08,38.24110374178147,38.4588338048539,37.51864026696085,37.58791732788086,56967800,INTC,41.944473075866696,42.58017646789551,41.53301938413547,28.789230661267908,1131541100,1.3820125283985871,-0.01885821705559898
2024-04-09,37.65719128751643,38.18172241669127,36.94462675169194,37.934303283691406,78783000,INTC,41.6213436126709,42.47739997863769,41.19028451742651,32.8413286757051,1210324100,1.3805983679155602,0.009215353774166601
2024-04-10,37.62750590872153,37.82544198969589,36.63782927916647,36.81597137451172,51108400,INTC,41.223493576049805,42.34850708007812,40.77368326572034,28.849404803831845,1159215700,1.3600978711325769,-0.02948075521029736
2024-04-11,37.04359529776712,37.28111556667766,36.69720999922399,37.24153137207031,41909100,INTC,40.946384239196775,42.24628219604492,40.43728784727748,30.0914376453445,1201124800,1.3028378171557249,0.011559113658297093
2024-04-12,36.311232680000735,36.32113156006494,35.23248504731364,35.321556091308594,80139400,INTC,40.59702835083008,42.10250007629394,39.95007529908997,25.10852260873739,1120985400,1.396150450417365,-0.05155468129330543
2024-04-15,35.66794464775069,36.32113103584749,35.51949165146284,35.935157775878906,50751600,INTC,40.28379592895508,41.965463943481446,39.567702201641296,29.854004884791596,1171737000,1.326166399010717,0.017371875774218726
2024-04-16,35.895568587837126,36.13308884345184,35.390831437852185,35.88566970825195,30607500,INTC,39.96462497711182,41.8424373626709,39.217032440366125,28.91832429934988,1141129500,1.336063122366584,-0.0013771490286922372
2024-04-17,35.727323119111105,35.757015983802184,35.00485966690412,35.31166076660156,41173300,INTC,39.64941310882568,41.70457542419434,38.845092280959975,17.352697240011807,1099956200,1.268906042956557,-0.015995491969832076
2024-04-18,35.054342816560656,35.29186685801872,34.41105530172058,34.67826843261719,42334400,INTC,39.29510898590088,41.55216522216797,38.448251914451134,13.855922116763864,1057621800,1.2703198947013707,-0.017937200353472127
2024-04-19,34.76733858919146,34.76733858919146,33.82714510268787,33.84693908691406,58968800,INTC,38.88835201263428,41.38233673095703,38.01003164516189,10.670733856979666,998653000,1.2498193348020992,-0.023972631370521524
2024-04-22,34.06466652813322,34.213119527250065,33.72818011072603,34.054771423339844,39909900,INTC,38.48456401824952,41.22220703125,37.63334019546455,12.627458899804736,1038562900,1.212352658489927,0.006140358390816392
2024-04-23,33.98549508463159,34.242809343199326,33.82714697736298,33.92611312866211,46834000,INTC,38.11096096038818,41.04347145080566,37.28027095100717,17.36784768335835,991728900,0.9790722255824292,-0.00377798144871877
2024-04-24,34.50012494991297,34.816821142169815,33.9854926936665,34.14384078979492,53261100,INTC,37.74032707214356,40.85483909606933,36.981563316606,20.58491971477652,1044990000,0.9663478860918504,0.006417701323670588
2024-04-25,34.203222002242924,34.93558051526241,34.14384005173473,34.74754333496094,66549400,INTC,37.31179695129394,40.69550117492676,36.76879950883028,28.77356839647406,1111539400,0.9366576215638852,0.017681155113236535
2024-04-26,31.45192381651619,31.907176045518334,30.323691180607263,31.55088996887207,119742500,INTC,36.70364084243774,40.45184284210205,36.27185574311997,22.222218321706976,991796900,1.185490379882501,-0.0919965286545188
2024-04-29,31.531096996193742,31.580580070998817,30.74925157819707,31.03625869750977,58533300,INTC,36.05243368148804,40.20066295623779,35.77322745306186,18.744397595213652,933263600,1.1565070104398163,-0.01631114912669762
2024-04-30,30.719562342327688,30.858116461249818,30.10596202430713,30.15544509887696,72346400,INTC,35.385886669158936,39.94255527496338,35.2382005621871,19.15673279356376,860917200,1.130351486773938,-0.02838014746614681
2024-05-01,29.858542429729663,30.719561883042896,29.710091320581384,30.05647850036621,60654800,INTC,34.89302749633789,39.66247680664063,34.744703222966066,15.68998698472869,800262400,1.1607489864173552,-0.003281881537024134
2024-05-02,30.274206169169545,30.353380218588107,29.87833592207671,30.195032119750977,50899400,INTC,34.436786556243895,39.4059525680542,34.31140121313606,20.50114065219448,851161800,1.051177412971264,0.004609775539176297
2024-05-03,30.660179145133664,30.739353193831786,30.383070918519365,30.581005096435547,36794800,INTC,34.05031766891479,39.16684665679932,33.95612539249792,18.362544811269714,887956600,1.0186592793671143,0.012782664881886285
2024-05-06,30.923832433223343,31.003328068462466,30.53628955302289,30.774776458740234,36185600,INTC,33.709660625457765,38.93141826629639,33.65313977975909,20.30627012675004,924142200,0.9990007872128236,0.006336330728621942
2024-05-07,30.89402004736096,31.251751344198457,30.417046248461222,30.48660469055176,44683400,INTC,33.337275695800784,38.69022644042969,33.35156500935839,21.00388591088517,879458800,0.9957075768120662,-0.00936389476540389
2024-05-08,29.81089210510254,29.95994618656296,29.5425936212785,29.81089210510254,63734600,INTC,32.98702173233032,38.44066669464112,33.01435806609593,20.89759114050247,815724200,0.9988079771258006,-0.022164245323738396
2024-05-09,29.741332600527656,30.19843202009812,29.622088202412307,29.90032386779785,45003400,INTC,32.6199613571167,38.20754280090332,32.717783380543736,24.105612745091904,860727600,0.972818715067388,0.002999969352812659
2024-05-10,30.13881235846412,30.26799205918809,29.65190133984991,29.66183853149414,42931300,INTC,32.336975479125975,37.94866806030274,32.426741013967586,21.29272135332272,817796300,0.9821866652683984,-0.007976011810378991
2024-05-13,29.84070274039695,30.93376723359009,29.810891166912885,30.317676544189453,51459100,INTC,32.056101417541505,37.68766899108887,32.225877731131575,27.939314165081186,869255400,1.0433485464297985,0.022110497702256815
2024-05-14,30.42698497721072,30.91389599177692,30.417047785649103,30.854272842407227,47759900,INTC,31.804531574249268,37.40197139739991,32.09524869411021,30.643454268464453,917015300,1.022313648864067,0.01769912339541113
2024-05-15,31.18219273772472,31.2020671209468,30.61578608317404,31.072887420654297,36992900,INTC,31.592592906951904,37.1691403579712,31.99788095378108,27.351088702547955,954008200,1.0076379755958584,0.007085390712776585
2024-05-16,31.43061630144413,32.0566441995684,31.32131098625367,31.828094482421875,47752800,INTC,31.45008420944214,36.92469219207764,31.981710813651627,52.444153690657785,1001761000,0.7619168773501749,0.024304373505552812
2024-05-17,31.8579079970722,31.90759205901756,31.3908694753538,31.629356384277344,41449800,INTC,31.339205074310303,36.64380779266357,31.94815324894932,55.53792418582249,960311200,0.7394450266974617,-0.006244109217857563
2024-05-20,31.649231369928607,32.21563613099912,31.55979854046339,31.89765357971192,31989000,INTC,31.231349182128906,36.41084548950195,31.943343756641,68.36859168881746,992300200,0.7198408065069682,0.00848253730410864
2024-05-21,31.77840961678809,32.036772797045785,31.42068021061876,31.5399227142334,42975400,INTC,31.112039661407472,36.15370609283448,31.90492270498313,64.8311154571957,949324800,0.6917423796473621,-0.01121495863589328
2024-05-22,31.708852003298507,31.867843275827525,30.90395844920465,31.22194099426269,36706400,INTC,30.965944671630854,35.88268547058105,31.839876827771658,59.911196200434375,912618400,0.7266595603696105,-0.010081880125445197
2024-05-23,31.25175143532453,31.37099393773446,29.68171125454082,29.8903865814209,62014500,INTC,30.723086833953857,35.624818840026855,31.654211090023967,44.36333871651198,850603900,0.8084425324490986,-0.042648034377058
2024-05-24,30.099064079939826,30.82446197812326,29.94007091639133,30.526351928710938,42408200,INTC,30.6718599319458,35.389172401428226,31.54679593180368,48.10892024668859,893012100,0.8418023096821547,0.02127658488315909
2024-05-28,30.744967620329465,31.172257382164105,30.466731941725964,30.86421012878418,36799100,INTC,30.66325750350952,35.162460479736325,31.48178776008754,52.85286176732343,929811200,0.8325751914465052,0.011067755520287825
2024-05-29,30.27792802690156,30.476668061101428,29.9201986187974,29.94007110595703,35848600,INTC,30.652488803863527,34.91588012695313,31.334957602551302,50.9406551294156,893962600,0.8325752229260421,-0.02994209211805776
2024-05-30,30.019567311756507,30.307740177296864,29.87051323093325,29.99969482421875,33382800,INTC,30.649649620056152,34.68355606079101,31.20778971890058,50.72675395879267,927345400,0.8226383035458851,0.001991435426145438
2024-05-31,30.02950494219729,30.76484006095746,29.75127115934644,30.65553474426269,95797500,INTC,30.67267475128174,34.461379737854,31.155194007030307,56.849313087452906,1023142900,0.8510296022796595,0.021861553055349203
2024-06-03,30.83439895760554,30.874145826725712,29.86057507726836,30.099063873291016,35544900,INTC,30.64857769012451,34.223719444274906,31.054610184769423,48.47222666538703,987598000,0.832575462805474,-0.01815237853829388
2024-06-04,30.556164699264865,30.556164699264865,29.75127113543878,29.8407039642334,51027200,INTC,30.60187406539917,33.977922897338864,30.939000068527896,42.63007030947487,936570800,0.8474807568225182,-0.008583652639339356
2024-06-05,30.07919025930052,30.645596899838363,29.820828969781854,30.585975646972656,44161700,INTC,30.606842613220216,33.76167892456055,30.905378695046444,46.71140569558223,980732500,0.864515534842786,0.024975003392430972
2024-06-06,30.35742448048119,30.397173246523653,29.96988348819456,30.22824478149414,34248100,INTC,30.627710247039797,33.53511344909668,30.840889750898604,38.58157461123702,946484400,0.8382537762616423,-0.01169591153826488
2024-06-07,30.059315502581093,30.58597526643108,30.019566737614863,30.546226501464844,34085500,INTC,30.660005378723145,33.27967506408692,30.812826584285865,42.39888099158068,980569900,0.8418027723439607,0.010519357715581767
2024-06-10,30.35742334809095,30.75490341238691,30.099063959754154,30.71515464782715,37445800,INTC,30.712671184539797,33.01969791412353,30.80352449509932,41.58416029746813,1018015700,0.8418029053508909,0.005530245981584692
2024-06-11,30.57603785729381,30.834399141756844,30.33755095517225,30.7250919342041,25326900,INTC,30.733041954040527,32.75299171447754,30.796054727395017,43.898814284343246,1043342600,0.8332854482192885,0.00032353040350585616
2024-06-12,31.26168740752887,31.281561790135704,30.19843257729413,30.56610107421875,51323900,INTC,30.718633365631103,32.49458602905273,30.77415437947347,44.96951268575992,992018700,0.8418029043777671,-0.005174626013351613
2024-06-13,30.18849638192882,30.387236423902817,29.950009468755333,30.26799201965332,33787200,INTC,30.67838859558105,32.30167263031006,30.725948440442977,53.442034780939615,958231500,0.7651463988256081,-0.009752930340758192
2024-06-14,30.09906536561068,30.36736195761891,30.01956783277801,30.258056640625,28125900,INTC,30.59988670349121,32.12043674468994,30.68138731665079,47.239292701231896,930105600,0.7232691651212182,-0.00032824704796630133
2024-06-17,30.14874866124054,30.80458812781969,29.98975739027137,30.784713745117188,36235300,INTC,30.5576545715332,31.969923362731933,30.691227928885688,49.21259143359028,966340900,0.7310766863433739,0.017405516512421615
2024-06-18,30.79465147966915,31.27162530099019,30.307740466821567,30.436920166015625,33294700,INTC,30.484617900848388,31.826903419494627,30.667008141945683,55.555569773701166,933046200,0.7324962094992199,-0.011297606402356997
2024-06-20,30.367361637990363,30.91389579850944,30.25805632214693,30.426984786987305,43826300,INTC,30.428971004486083,31.676757049560543,30.64414877480679,54.83147434125082,889219900,0.7481113902134265,-0.0003264252419143965
2024-06-21,30.65553318086021,31.162318553482905,30.476667532249213,30.894020080566406,92549000,INTC,30.41257495880127,31.55831802368164,30.667946042021992,52.81688649503042,981768900,0.7282374519908965,0.015349378088191035
2024-06-24,30.943704994449813,31.221940666114023,30.337551485050767,30.37729835510254,40611800,INTC,30.43692054748535,31.42103336334229,30.640265309934428,53.31753802404592,941157100,0.719010197105604,-0.016725622761827208
2024-06-25,30.506479631824043,30.63565932731344,30.099064267547327,30.546226501464844,29498600,INTC,30.437914276123045,31.32552677154541,30.63130923293733,58.59563917077784,970655700,0.6998460182441776,0.005560999677705958
2024-06-26,30.44685652521833,30.48660529023788,30.079189925414628,30.347488403320312,30743000,INTC,30.41207818984985,31.21377338409424,30.604278677735707,46.6480333105644,939912700,0.6742937786722994,-0.0065061423588606004
2024-06-27,30.22824446459788,30.466731372376067,30.099064766965085,30.397172927856445,30184300,INTC,30.434933280944826,31.104003448486328,30.58455432060435,52.59939340541169,970097000,0.6565490962889342,0.0016371873637719414
2024-06-28,30.556163935664028,31.11263338233784,30.526352361702315,30.774776458740234,41467700,INTC,30.473687362670898,31.0132657623291,30.60267071471253,53.453461589008505,1011564700,0.6671956624078754,0.012422324002958396
2024-07-01,30.71515590338328,30.82446311506541,30.41704773830084,30.645597457885746,32401800,INTC,30.47319049835205,30.932612342834474,30.60675897596712,48.93619007390783,979162900,0.6494510855601477,-0.004197560980749304
2024-07-02,30.66547207706199,31.112634328128223,30.39717358922695,30.874147415161133,35999300,INTC,30.511944675445555,30.87315650939941,30.632224541604646,52.1367745717592,1015162200,0.6650662678684822,0.007457839828036272
2024-07-03,30.923832959411207,31.14244548620724,30.71515572877935,31.033138275146484,24065700,INTC,30.57156639099121,30.812723846435546,30.670406801941965,56.695179597559736,1039227900,0.6182205924817905,0.005149643740681054
2024-07-05,31.2020665029894,32.13614164734713,31.11263367558677,31.818159103393555,45309400,INTC,30.63317556381225,30.77056476593017,30.779716544937354,69.50006862047888,1084537300,0.6530000043915926,0.02529621146552774
2024-07-08,32.82179017277948,33.87510969875,32.613114843025684,33.77574157714844,82315900,INTC,30.81055040359497,30.763202781677247,31.06505226229079,79.69803423708576,1166853200,0.7750826094284172,0.0615240645253452
2024-07-09,34.79924945469186,34.99798949894323,33.507444853034585,34.3719596862793,97546900,INTC,31.00183706283569,30.75569110870361,31.379995826480176,79.93372006707575,1264400100,0.8233478885970117,0.017652258138256327
2024-07-10,34.22290250728898,34.7495641747144,33.91485905060243,34.65019226074219,52256200,INTC,31.198588943481447,30.817677154541016,31.6914431059337,85.57052469940946,1316656300,0.8141207664501078,0.008094754474355925
2024-07-11,34.809184100885474,34.928430399599435,33.10002884981283,33.2888298034668,55213700,INTC,31.32677583694458,30.86272857666016,31.843575172365423,69.67215414552847,1261442600,0.8978752002661147,-0.03928874180642805
2024-07-12,33.55712801341558,35.25634795426933,33.55712801341558,34.27259063720703,62792600,INTC,31.512100315094,30.94507148742676,32.074909978540816,71.6837099437288,1324235200,0.9858883705737528,0.029552280436057288
2024-07-15,34.48126375284248,35.00792159998404,34.093722786783545,34.242774963378906,39847900,INTC,31.710839462280276,31.028797416687013,32.28137331043016,76.46257401954706,1284387300,0.9880176300121268,-0.0008699568160381865
2024-07-16,34.14340953949424,34.232842368767805,33.626686947097056,34.12353515625,28409900,INTC,31.904113388061525,31.107367477416997,32.45681729574634,74.65756234134965,1255977400,0.9936956983346794,-0.0034821887903777604
2024-07-17,35.85256576329393,36.92575583925324,34.18315560900105,34.242774963378906,112304200,INTC,32.07701644897461,31.18060287475586,32.62690850218754,77.14681985402612,1368281600,1.1604945631170385,0.003494356800457954
2024-07-18,34.73962508799172,36.07117841001198,34.31233533453851,34.65019226074219,84188600,INTC,32.287680053710936,31.258111190795898,32.81960219347846,78.23220223400624,1452470200,1.2648329089186163,0.01189790540629354
2024-07-19,34.35208356711346,34.362022653681926,32.64292457982029,32.7721061706543,69628700,INTC,32.404936122894284,31.30382122039795,32.8150787627333,61.05611083730633,1382841500,1.3571048536643668,-0.05420131801738126
2024-07-22,33.07021606470152,33.19939766232487,32.55349346485917,33.15964889526367,48503700,INTC,32.51821756362915,31.37079635620117,32.84789496583143,63.52941200622188,1431345200,1.3741397694287332,0.011825383531693712
2024-07-23,32.75223342263411,33.020531913608885,32.623055616004486,32.7422981262207,29466400,INTC,32.63646755218506,31.42763584136963,32.83783812396374,59.85326075912387,1401878800,1.361363522311441,-0.012586103380080704
2024-07-24,32.32494148650973,32.59323995949019,31.460426711784343,31.50017547607422,62216700,INTC,32.68416500091553,31.46440258026123,32.7104416813076,52.21072399129658,1339662100,1.4224050692406176,-0.03793633071686464
2024-07-25,31.17225584068728,31.78834652633028,30.754903291082982,30.90395736694336,49774000,INTC,32.71198844909668,31.47612819671631,32.538395556130055,45.59386423727763,1289888100,1.417436488029664,-0.018927453581447984
2024-07-26,31.23187753157216,31.36105722704932,30.824462167334016,31.152381896972656,38352500,INTC,32.74974889755249,31.482090377807616,32.40639425525792,34.86237643551402,1328240600,1.3088396640552966,0.008038599299099003
2024-07-29,31.221941203638227,31.27162526588968,30.595913300772725,30.63566017150879,32342200,INTC,32.74279308319092,31.473345832824705,32.23775291394848,28.240729941374624,1295898400,1.250637329713033,-0.01658690905795812
2024-07-30,30.655533712816226,30.715154964946016,29.820828601697457,29.94007110595703,48256600,INTC,32.707516765594484,31.43558536529541,32.018926075092146,23.84106465360537,1247641800,1.254895989651361,-0.022705208951190103
2024-07-31,30.34748836260998,30.675408092279664,30.08912707630577,30.546226501464844,56110600,INTC,32.69112071990967,31.41392276763916,31.878668972841925,33.37349525757823,1303752400,1.1768199494039344,0.020245623110334288
2024-08-01,30.2381805481622,30.516414316046976,28.70788724349436,28.866878509521484,107672500,INTC,32.58280773162842,31.35330726623535,31.591831785859025,19.777770668714084,1196079900,1.167592885630217,-0.054977265092394534
2024-08-02,21.80170011155393,21.8414469830145,20.291281089542203,21.3445987701416,300895900,INTC,32.05912971496582,31.149400787353517,30.615904831981176,10.761792393437249,895184000,1.714835643257273,-0.2605851455985698
2024-08-05,20.072667229540983,20.26146817330116,19.16840369359356,19.98323440551757,147385700,INTC,31.36950435638428,30.924626655578614,29.603269553270355,10.005621317416695,747798300,1.8262718618477152,-0.06378027431128885
2024-08-06,20.191910941842604,20.4999563012095,19.62550428595571,19.70499992370605,106670400,INTC,30.636156368255616,30.72091892242432,28.66057720759757,9.24793049867462,641127900,1.6885740998656116,-0.01392339579095847
2024-08-07,19.920000076293945,20.25,18.950000762939453,18.989999771118164,97972300,INTC,29.853146743774413,30.490191879272466,27.73956983269477,6.845748898523269,543155600,1.6508309420390024,-0.036285214684406486
2024-08-08,19.100000381469727,20.549999237060547,18.84000015258789,20.489999771118164,96836800,INTC,29.21320524215698,30.28270767211914,27.04913458873509,15.434359830740377,639992400,1.6295974708640564,0.07898894250021771
2024-08-09,20.07999992370605,20.14999961853028,19.5,19.709999084472656,76394500,INTC,28.485075664520263,30.078106231689453,26.35016930261486,12.966598413561726,563597900,1.654175726124947,-0.03806738386327191
2024-08-12,19.8700008392334,19.96999931335449,19.0,19.36000061035156,54677600,INTC,27.740936946868896,29.86531234741211,25.684438950970737,13.014871482047596,508920300,1.685133299988897,-0.01775740691925365
2024-08-13,19.479999542236328,20.479999542236328,19.46999931335449,20.46999931335449,77511300,INTC,27.05826015472412,29.661601638793947,25.187825652150146,19.29124287386084,586431600,1.6735709798066407,0.05733464194259508
2024-08-14,20.489999771118164,20.5,19.790000915527344,19.920000076293945,56758200,INTC,26.342121410369877,29.458020362854004,24.68612797825908,19.341017550625665,529673400,1.6504678261798806,-0.026868551807997743
2024-08-15,20.31999969482422,21.059999465942383,20.229999542236328,20.690000534057617,84814900,INTC,25.644111824035644,29.27500629425049,24.30554441214465,21.623116274069744,614488300,1.6935681354608187,0.03865464130595164
2024-08-16,20.530000686645508,20.89999961853028,20.40999984741211,20.8700008392334,48582700,INTC,25.0490065574646,29.0806867980957,23.9783497861531,23.02001317799099,663071000,1.6803029787466202,0.008699869527769355
2024-08-19,20.88999938964844,21.86000061035156,20.84000015258789,21.520000457763672,65956300,INTC,24.4670241355896,28.90652191162109,23.74422127868744,26.67877911123142,729027300,1.6892796997834136,0.031145164944523795
2024-08-20,21.209999084472656,21.229999542236328,20.81999969482422,20.989999771118164,84161300,INTC,23.87940921783447,28.71539737701416,23.481914468442746,23.419817609416256,644866000,1.6867556838274722,-0.024628284171541504
2024-08-21,21.06999969482422,21.440000534057617,21.06999969482422,21.40999984741211,57028900,INTC,23.37490043640137,28.52929428100586,23.284589266439824,27.69655579386655,701894900,1.5875886484681128,0.020009532199798175
2024-08-22,21.38999938964844,21.39999961853028,20.040000915527344,20.100000381469727,81444700,INTC,22.834702587127687,28.316792449951173,22.981295086918863,44.075934455138274,620450200,1.0729030421756474,-0.06118633700507603
2024-08-23,20.31999969482422,20.93000030517578,20.26000022888184,20.540000915527344,73398400,INTC,22.30408353805542,28.116270446777342,22.74879088011967,52.9048991973926,693848600,0.9767462455440769,0.02189057341825995
2024-08-26,20.530000686645508,20.559999465942383,19.950000762939453,20.1299991607666,58534800,INTC,21.77880048751831,27.91351058959961,22.499382144943187,52.18733520527706,635313800,0.957856723240444,-0.019961136148285097
2024-08-27,20.1299991607666,20.26000022888184,19.84000015258789,20.06999969482422,43862000,INTC,21.28529691696167,27.709749450683592,22.268012387789,55.96026483095228,591451800,0.8949996403285441,-0.00298059952527574
2024-08-28,19.979999542236328,20.11000061035156,19.51000022888184,19.61000061035156,50144900,INTC,20.738485622406007,27.48625518798828,22.01486840898544,44.513719951227024,541306900,0.8157140186854771,-0.022919735499113525
2024-08-29,19.76000022888184,20.600000381469727,19.75,20.1299991607666,64529700,INTC,20.30164165496826,27.2801167678833,21.835357052012213,52.70618730909606,605836600,0.8157140186854773,0.02651700837482629
2024-08-30,21.25,22.1200008392334,21.0,22.040000915527344,177785400,INTC,20.33641176223755,27.112377090454103,21.85484694377556,64.37768451142814,783622000,0.8885713304792137,0.09488334994485936
2024-09-03,21.540000915527344,21.690000534057617,19.989999771118164,20.100000381469727,115305500,INTC,20.34225006103516,26.89649669647217,21.687718699746437,48.17734543713419,668316500,0.955000059945243,-0.08802179915931274
2024-09-04,19.76000022888184,20.049999237060547,19.280000686645508,19.43000030517578,85871900,INTC,20.328500080108643,26.677550735473638,21.472697900263512,47.61441256925745,582444600,0.962857246398926,-0.03333333649643222
2024-09-05,19.280000686645508,19.89999961853028,19.239999771118164,19.39999961853028,65388800,INTC,20.34900007247925,26.454626197814942,21.275298063907965,43.23189630430792,517055800,0.9285715648106174,-0.0015440394325423323
2024-09-06,19.440000534057617,19.489999771118164,18.63999938964844,18.88999938964844,92686500,INTC,20.26900005340576,26.225476417541504,21.048126761597537,39.95942726165355,424369300,0.9542858941214424,-0.026288672108771727
2024-09-09,19.0,19.540000915527344,18.950000762939453,19.06999969482422,64244100,INTC,20.23700008392334,25.99893295288086,20.859733707619124,36.95420699214677,488613400,0.9278573989868164,0.009528867707344402
2024-09-10,19.030000686645508,19.11000061035156,18.51000022888184,18.979999542236328,55621300,INTC,20.21800003051758,25.76303741455078,20.680711406154096,38.77095179225719,432992100,0.9207145145961212,-0.004719462717784784
2024-09-11,19.01000022888184,19.690000534057617,18.520000457763672,19.63999938964844,71403100,INTC,20.176500034332275,25.54292545318604,20.5815959760107,40.369967423573264,504395200,0.9721430369785848,0.03477343853161896
2024-09-12,19.43000030517578,19.540000915527344,19.040000915527344,19.36000061035156,51602900,INTC,20.14850006103516,25.312642517089845,20.46525356023364,45.46568865204941,452792300,0.91714300428118,-0.01425655743372678
2024-09-13,19.489999771118164,19.799999237060547,19.489999771118164,19.65999984741211,44236300,INTC,20.09700002670288,25.08517974853516,20.388562730441112,44.51370936479587,497028600,0.8892857687813895,0.015495827872037626
2024-09-16,20.030000686645508,21.06999969482422,19.76000022888184,20.90999984741211,149337000,INTC,20.098999977111816,24.86701656341553,20.438223408247875,54.401810388421055,646365600,0.9464287076677594,0.06358087536631096
2024-09-17,21.709999084472656,22.57999992370605,21.239999771118164,21.46999931335449,196249800,INTC,20.09649991989136,24.62090171813965,20.53648778016279,57.478631477166296,842615400,1.0357144219534733,0.026781418939689106
2024-09-18,21.36000061035156,21.739999771118164,20.71999931335449,20.770000457763672,118727900,INTC,20.085499954223632,24.34886253356933,20.55872708279145,56.041666832235165,723887500,1.0657144274030417,-0.03260358071625147
2024-09-19,21.280000686645508,21.690000534057617,21.030000686645508,21.13999938964844,99829200,INTC,20.071999931335448,24.078658676147462,20.61408635011116,55.34391720208676,823716700,1.0607144492013114,0.017814103212812737
2024-09-20,20.88999938964844,23.13999938964844,20.350000381469727,21.84000015258789,260377900,INTC,20.15899991989136,23.84968208312988,20.730840045585133,48.78640282287671,1084094600,1.1178571156093056,0.03311261982733149
2024-09-23,22.43000030517578,22.81999969482422,22.030000686645508,22.559999465942383,184439100,INTC,20.25999984741211,23.61543025970459,20.905045704666776,67.52136937916043,1268533700,1.0414284297398162,0.03296700129689234
2024-09-24,22.530000686645508,23.11000061035156,22.290000915527344,22.809999465942383,113082500,INTC,20.3939998626709,23.38677474975586,21.08646987240731,75.60606756814946,1381616200,1.0414284297398158,0.011081560546019054
2024-09-25,22.799999237060547,24.059999465942383,22.729999542236328,23.540000915527344,117013400,INTC,20.567499923706052,23.175104064941408,21.3201394955616,78.35618363959347,1498629600,1.0892855780465258,0.032003571533393727
2024-09-26,24.280000686645508,24.420000076293945,23.25,23.920000076293945,95416900,INTC,20.78299989700317,22.968648567199708,21.56774526515516,85.07673158483193,1594046500,1.1121426991053986,0.016142699489699153
2024-09-27,24.15999984741211,24.65999984741211,23.700000762939453,23.90999984741211,85883300,INTC,20.97199993133545,22.753844718933102,21.79081713013201,84.57144850128634,1508163200,1.1342853818620957,-0.0004180697679740941
2024-09-30,23.739999771118164,23.950000762939453,23.09000015258789,23.459999084472656,66308200,INTC,21.04299983978272,22.567602577209477,21.949786840069216,80.43479274937684,1441855000,1.152856826782227,-0.018820609193276883
2024-10-01,23.459999084472656,23.71999931335449,22.26000022888184,22.690000534057617,86344400,INTC,21.17249984741211,22.35820960998535,22.020283382353828,70.41501326846469,1355510600,1.1735710416521346,-0.03282176387315694
2024-10-02,22.670000076293945,23.06999969482422,22.350000381469727,22.38999938964844,59033900,INTC,21.32049980163574,22.151163635253905,22.0554944306676,70.22696691245758,1296476700,1.1821425301688055,-0.013221733686558323
2024-10-03,22.13999938964844,22.729999542236328,21.64999961853028,22.26000022888184,49565900,INTC,21.46349983215332,21.966360130310058,22.07497117335467,67.75957081515993,1246910800,1.2278569085257385,-0.005806126141598034
2024-10-04,22.700000762939453,22.90999984741211,22.299999237060547,22.59000015258789,49845500,INTC,21.64849987030029,21.800080986022948,22.12402155232926,63.125007078054125,1296756300,1.1735711778913214,0.014824794263833097
2024-10-07,22.39999961853028,22.64999961853028,22.020000457763672,22.3799991607666,54928700,INTC,21.81399984359741,21.624633331298828,22.14840037218044,57.52066084436605,1241827600,1.0992853982107975,-0.009296192580912077
2024-10-08,22.25,23.420000076293945,22.049999237060547,23.31999969482422,58650500,INTC,22.03099985122681,21.478320121765137,22.259981260051276,70.27026125517473,1300478100,1.1242854254586347,0.042001812748299505
2024-10-09,23.25,23.479999542236328,23.059999465942383,23.459999084472656,44759000,INTC,22.221999835968017,21.34871868133545,22.37426867190093,69.14190733561082,1345237100,1.0885711397443492,0.006003404437415538
2024-10-10,23.190000534057617,23.530000686645508,22.959999084472656,23.21999931335449,44874600,INTC,22.414999771118165,21.202194137573244,22.45481444727746,62.32142023894306,1300362500,0.929999896458216,-0.010230169671106903
2024-10-11,23.049999237060547,23.81999969482422,22.979999542236328,23.559999465942383,43585300,INTC,22.60999975204468,21.09605655670166,22.560070163340782,59.57854182134944,1343947800,0.9199999400547564,0.014642556530669149
2024-10-14,23.57999992370605,23.770000457763672,23.270000457763672,23.440000534057617,35403600,INTC,22.736499786376957,21.13796459197998,22.643873055790007,56.18861541482396,1308544200,0.8971428189958838,-0.005093333387304666
2024-10-15,23.40999984741211,23.71999931335449,22.46999931335449,22.65999984741211,68900600,INTC,22.795999813079835,21.19149990081787,22.6454089407064,41.43967730922801,1239643600,0.8914285387311656,-0.03327647904752351
2024-10-16,22.3799991607666,22.540000915527344,21.739999771118164,22.309999465942383,62151800,INTC,22.87299976348877,21.2435998916626,22.613465181205065,34.24657125196708,1177491800,0.8735713958740227,-0.015445736267721055
2024-10-17,22.71999931335449,22.81999969482422,22.39999961853028,22.440000534057617,43807600,INTC,22.93799982070923,21.31259990692139,22.596944738619595,35.9464731747718,1221299400,0.8414286204746784,0.00582703143107155
2024-10-18,22.61000061035156,22.81999969482422,22.5,22.770000457763672,39971700,INTC,22.984499835968016,21.358199920654297,22.613426235680937,43.24854653332896,1261271100,0.8071428026471812,0.014705878603042288
2024-10-21,22.61000061035156,22.8799991607666,22.25,22.84000015258789,39727000,INTC,22.998499870300293,21.4207999420166,22.63500470395779,51.700675270348185,1300998100,0.7478570938110349,0.003074207001183993
2024-10-22,22.729999542236328,22.81999969482422,22.170000076293945,22.39999961853028,50160400,INTC,22.977999877929687,21.481599922180177,22.61262326725041,50.109892597435135,1250837700,0.7442857197352816,-0.0192644715901088
2024-10-23,22.299999237060547,22.43000030517578,21.57999992370605,21.979999542236328,45799100,INTC,22.899999809265136,21.511799926757813,22.55237338867764,47.10743215417988,1205038600,0.727857181004116,-0.018750003725290676
2024-10-24,22.09000015258789,22.3700008392334,21.96999931335449,22.34000015258789,40554400,INTC,22.820999813079837,21.56019992828369,22.532147366192905,47.43326633464981,1245593000,0.7100001743861617,0.016378554042268956
2024-10-25,22.420000076293945,23.34000015258789,22.40999984741211,22.68000030517578,67503000,INTC,22.75949983596802,21.59999992370605,22.546228598476983,53.00001029967868,1313096000,0.7364288057599754,0.015219344237493493
2024-10-28,22.670000076293945,23.270000457763672,22.559999465942383,22.920000076293945,41915000,INTC,22.732499885559083,21.640999908447267,22.5818258820786,45.34884288286355,1355011000,0.6892859595162533,0.010582000347830522
2024-10-29,22.8700008392334,23.13999938964844,22.40999984741211,22.89999961853028,83422200,INTC,22.74299983978272,21.6685998916626,22.61212814269305,43.30144534057342,1271588800,0.711428778512138,-0.0008726203183720971
2024-10-30,22.420000076293945,22.93000030517578,22.26000022888184,22.299999237060547,50941200,INTC,22.73849983215332,21.69479988098145,22.582401580251855,39.8678468694085,1220647600,0.7185715266636444,-0.026200890456968606
2024-10-31,22.14999961853028,22.25,21.46999931335449,21.520000457763672,112485500,INTC,22.70149984359741,21.69699989318848,22.481220520967263,29.518088209103567,1108162100,0.7178572246006565,-0.034977524931955495
2024-11-01,23.0,23.57999992370605,21.90999984741211,23.200000762939453,173471100,INTC,22.73199987411499,21.75899990081788,22.549675782107474,48.16514015652501,1281633200,0.829285757882255,0.07806692701856766
2024-11-04,22.959999084472656,23.0,22.0,22.520000457763672,84616300,INTC,22.738999938964845,21.7985998916626,22.5468495607414,48.91304862907888,1197016900,0.8257143838065016,-0.029310357017834243
2024-11-05,22.57999992370605,23.57999992370605,22.39999961853028,23.31999969482422,59153300,INTC,22.738999938964845,21.862399902343757,22.62048290684453,57.32946327108845,1256170200,0.844285828726632,0.03552394408521198
2024-11-06,24.299999237060547,25.1200008392334,24.049999237060547,25.049999237060547,116760500,INTC,22.81849994659424,21.96199989318848,22.85186541448415,65.3710175109886,1372930700,0.9364287512642994,0.07418523005471123
2024-11-07,25.43000030517578,26.3799991607666,25.190000534057617,26.229999542236328,101489300,INTC,22.96899995803833,22.094399871826177,23.173592474270077,68.5224787363305,1474420000,1.0042859486171174,0.047105802040505296
2024-11-08,26.0,26.43000030517578,25.82999992370605,26.200000762939453,76428000,INTC,23.101000022888183,22.215799903869637,23.46182183509573,68.06452089244235,1397992000,1.002143178667341,-0.001143682036614968
2024-11-11,25.959999084472656,26.290000915527344,24.82999992370605,25.049999237060547,80185300,INTC,23.18149995803833,22.275999870300296,23.613076825759048,63.23676102865725,1317806700,1.0585718154907229,-0.043893186732483325
2024-11-12,24.65999984741211,24.959999084472656,23.88999938964844,24.15999984741211,62539700,INTC,23.25649995803833,22.357199859619143,23.66516473258315,60.40076526907266,1255267000,1.080714634486607,-0.035528918832528955
2024-11-13,24.059999465942383,25.13999938964844,24.020000457763672,24.920000076293945,58202000,INTC,23.386999988555907,22.466999855041507,23.78467286055561,61.85661821100853,1313469000,1.1321430206298826,0.03145696331464354
2024-11-14,25.1200008392334,25.61000061035156,24.93000030517578,25.030000686645508,49252100,INTC,23.516499996185303,22.57959987640381,23.903275510659405,61.03286603588645,1362721100,1.1100002016339978,0.004414149679566215
2024-11-15,24.809999465942383,24.81999969482422,24.229999542236328,24.350000381469727,55104900,INTC,23.595499992370605,22.68879989624024,23.945820736450862,56.44725106176886,1307616200,1.1164287839617042,-0.027167410568174177
2024-11-18,24.32999992370605,25.020000457763672,24.15999984741211,24.84000015258789,59667300,INTC,23.695499992370607,22.804199905395517,24.030980680844863,58.3910061577994,1367283500,1.1257145745413637,0.020123193570504183
2024-11-19,24.5,24.540000915527344,24.100000381469727,24.200000762939453,61190900,INTC,23.785500049591064,22.908599929809576,24.04707783152054,58.189662826756816,1306092600,1.1307145527430935,-0.02576487060052457
2024-11-20,24.06999969482422,24.209999084472656,23.549999237060547,24.01000022888184,50191500,INTC,23.88700008392334,22.99599994659424,24.043546631269237,61.307900632855166,1255901100,1.1185716901506688,-0.007851261490395722
2024-11-21,24.07999992370605,24.770000457763672,23.82999992370605,24.440000534057617,58928400,INTC,23.992000102996823,23.097599945068364,24.081304145820507,56.352457694871525,1314829500,1.0385717664446148,0.017909217037762826
2024-11-22,24.350000381469727,24.68000030517578,24.13999938964844,24.5,36784700,INTC,24.08300008773804,23.19439994812012,24.12117994145665,60.83150806595671,1351614200,0.9914289202008923,0.0024549699112637047
2024-11-25,25.040000915527344,25.56999969482422,24.76000022888184,24.8700008392334,91128400,INTC,24.18050012588501,23.273599967956542,24.192496217435387,58.89782415561511,1442742600,0.98357173374721,0.015102075070750898
2024-11-26,24.950000762939453,24.989999771118164,23.809999465942383,24.049999237060547,69613600,INTC,24.238000106811523,23.32519996643067,24.178925076447307,43.58974609776185,1373129000,0.939285959516253,-0.0329715148573404
2024-11-27,23.82999992370605,23.93000030517578,23.059999465942383,23.64999961853028,53992300,INTC,24.30550012588501,23.382799949646,24.12855122331235,31.62393835842548,1319136700,0.9150002343314038,-0.016632001298107157
2024-11-29,23.71999931335449,24.280000686645508,23.600000381469727,24.049999237060547,36616800,INTC,24.43200006484985,23.440999946594243,24.12107008176456,35.45331127451608,1355753500,0.9207145145961216,0.01691330338191044
2024-12-02,24.84000015258789,25.479999542236328,23.440000534057617,23.93000030517578,150497900,INTC,24.46850004196167,23.482799949646,24.10287296018468,41.194977795585,1205255600,0.9621429443359372,-0.0049895607356131855
2024-12-03,23.68000030517578,23.75,22.440000534057617,22.46999931335449,138160500,INTC,24.46599998474121,23.48099994659424,23.94736118429609,37.80663784635357,1067095100,0.9857143674577984,-0.06101132357718819
2024-12-04,22.530000686645508,22.540000915527344,21.809999465942383,21.959999084472656,104649000,INTC,24.397999954223632,23.463999938964847,23.758088603360523,27.84431129175708,962446100,0.9578574044363836,-0.02269694011867307
2024-12-05,22.040000915527344,22.190000534057617,20.65999984741211,20.799999237060547,167993500,INTC,24.185499954223637,23.40919990539551,23.47636580657005,22.639064318596667,794452600,1.0178574153355189,-0.052823310372190124
2024-12-06,20.950000762939453,21.049999237060547,20.65999984741211,20.920000076293945,78539100,INTC,23.919999980926512,23.349199905395512,23.23290240368661,26.080897097372585,872991700,0.9885715757097516,0.0057692713286059405
2024-12-09,20.920000076293945,21.059999465942383,20.729999542236328,20.809999465942383,68818200,INTC,23.65049991607666,23.28719989776612,23.002149742949065,20.32401317221712,804173500,0.9507143838065012,-0.00525815535135743
2024-12-10,20.82999992370605,20.86000061035156,19.959999084472656,20.15999984741211,90004800,INTC,23.40599994659424,23.221199913024908,22.73146880051697,20.294124246878027,714168700,0.9621430805751252,-0.031234965651684043
2024-12-11,20.13999938964844,20.25,19.8700008392334,20.1200008392334,75209300,INTC,23.203999996185303,23.169799919128423,22.48275756610901,20.75189099949624,638959400,0.9421430315290176,-0.001984077801659545
2024-12-12,20.020000457763672,20.89999961853028,19.920000076293945,20.780000686645508,77695000,INTC,22.99700002670288,23.137599945068363,22.320590244255342,23.401168029071485,716654400,0.9450001035417828,0.03280317196235538
2024-12-13,20.600000381469727,20.799999237060547,20.25,20.34000015258789,55104100,INTC,22.7625,23.099199943542484,22.131962616477487,21.34987174003733,661550300,0.9457142693655834,-0.021174230968162955
2024-12-16,20.170000076293945,21.100000381469727,20.0,20.82999992370605,73832900,INTC,22.586499977111817,23.063999938964848,22.00796616954688,22.628724045976824,735383200,0.9478571755545484,0.024090450710041678
2024-12-17,20.63999938964844,20.770000457763672,20.290000915527344,20.440000534057617,51767200,INTC,22.366499996185304,23.02519996643067,21.85863610902409,24.02878203282772,683616000,0.9021427971976144,-0.018722966446321765
2024-12-18,20.479999542236328,20.57999992370605,19.209999084472656,19.299999237060547,86041200,INTC,22.12149991989136,22.9447999572754,21.614956406932325,21.716514438429627,597574800,0.9292857306344166,-0.05577305612578498
2024-12-19,19.530000686645508,19.690000534057617,19.030000686645508,19.059999465942383,69117800,INTC,21.873999881744385,22.85679996490479,21.37162717445709,16.86587439515141,528457000,0.92785712650844,-0.01243522179303036
2024-12-20,18.96999931335449,19.76000022888184,18.89999961853028,19.520000457763672,108453700,INTC,21.62799987792969,22.782799987792973,21.195281772867244,21.98222167503441,636910700,0.8435715266636434,0.0241343654097812
2024-12-23,19.57999992370605,20.229999542236328,19.520000457763672,20.200000762939453,57988400,INTC,21.41299991607666,22.715600013732917,21.100493105255072,33.99155225044207,694899100,0.7878571919032501,0.03483608039083452
2024-12-24,20.21999931335449,20.39999961853028,19.959999084472656,20.39999961853028,29884000,INTC,21.189499855041504,22.65479999542237,21.033779439852708,38.4955803248288,724783100,0.7671428407941546,0.009900933071139262
2024-12-26,20.229999542236328,20.670000076293945,20.07999992370605,20.440000534057617,39846200,INTC,21.00899991989136,22.61040000915528,20.977229067872223,46.8198004293892,764629300,0.699999945504325,0.0019608292291830587
2024-12-27,20.209999084472656,20.61000061035156,20.09000015258789,20.299999237060547,48260800,INTC,20.841499900817876,22.570200004577643,20.912730988747303,44.54224825946109,716368500,0.7092857360839844,-0.006849378343400603
2024-12-30,20.01000022888184,20.11000061035156,19.729999542236328,19.81999969482422,59608100,INTC,20.629999923706052,22.517799987792973,20.80866134170701,41.81818525742738,656760400,0.726428576878139,-0.02364529853577635
